{"type": "metrics", "dataset": "train", "precision": 0.7075019952114924, "balanced_accuracy": 0.6650346256323579, "recall": 0.37523809523809526, "f1_score": 0.4903886046190015}
{"type": "metrics", "dataset": "test", "precision": 0.6700091157702825, "balanced_accuracy": 0.6672218992194873, "recall": 0.38562434417628544, "f1_score": 0.48951048951048953}
{"type": "cm_matrix", "dataset": "train", "true_0": {"predicted_0": 15495, "predicted_1": 733}, "true_1": {"predicted_0": 2952, "predicted_1": 1773}}
{"type": "cm_matrix", "dataset": "test", "true_0": {"predicted_0": 6711, "predicted_1": 362}, "true_1": {"predicted_0": 1171, "predicted_1": 735}}
