{"type": "metrics", "dataset": "train", "precision": 0.6968871595330739, "balanced_accuracy": 0.6655220841109428, "recall": 0.379047619047619, "f1_score": 0.4910212474297464}
{"type": "metrics", "dataset": "test", "precision": 0.6639857015192135, "balanced_accuracy": 0.6683308560449421, "recall": 0.3898216159496327, "f1_score": 0.4912396694214876}
{"type": "cm_matrix", "dataset": "train", "true_0": {"predicted_0": 15449, "predicted_1": 779}, "true_1": {"predicted_0": 2934, "predicted_1": 1791}}
{"type": "cm_matrix", "dataset": "test", "true_0": {"predicted_0": 6697, "predicted_1": 376}, "true_1": {"predicted_0": 1163, "predicted_1": 743}}
